,default,t_strategy,dynamic_strategy,volatility
default,1.0,0.9882323245278488,0.9676944644917838,0.8029259406593136
t_strategy,0.9882323245278488,1.0,0.9858968663384279,0.8406035306575703
dynamic_strategy,0.9676944644917838,0.9858968663384279,1.0,0.8792019622454792
volatility,0.8029259406593136,0.8406035306575703,0.8792019622454792,1.0
